variable,count,mean,std,min,25%,50%,75%,max
residential_price_real_2025_01,135.0,14.83443992326414,0.5776208096565576,13.624403497562875,14.44306115518124,14.690106043436224,15.257398569429702,16.338139970028195
henry_hub_natural_gas_price,136.0,3.168382352941176,1.3798278049241617,1.49,2.3775,2.83,3.2624999999999997,8.81
tx_nonfarm_employment_yoy_pct,124.0,1.891507614607742,3.098232914958164,-9.734277358298248,1.316356891452597,1.897476284330002,2.634969579871893,8.930370730690385
wti_crude_oil_price_yoy_pct,124.0,10.132536009127483,43.643244538023865,-74.0839336047604,-17.617778940548597,-0.2683686742165958,27.810326808533205,272.93051359516613
renewable_share,136.0,0.22540027562774434,0.08519069764779047,0.0737905593311263,0.15996758549578,0.220719522978155,0.2853368626933822,0.4545425290195906
tx_unemployment_rate,135.0,4.588888888888889,1.412294981378841,3.4,4.0,4.2,4.5,12.8
natural_gas_share,136.0,0.4954021208515064,0.0532853381811469,0.3680998790841689,0.4556843645719493,0.5011652906583365,0.5338948126028917,0.6061735022309348
