test,mean_gain,statistic,p_value_two_sided,p_value_one_sided_better
"DM, squared loss (HLN corrected)",0.033833056985216485,1.7605900871400084,0.0916008220724308,0.0458004110362154
"DM, absolute loss (HLN corrected)",0.04417515669086051,1.348475536440028,0.19063537120183807,0.09531768560091904
"Clark-West, adjusted squared loss",0.09605513479315735,4.16554343781857,,0.0001863435282850038
"Exact sign test, absolute errors",0.625,15.0,,0.15372812747955322
